# 16 MiB flash (FutureProofHomes Satellite1), matching HAVPE OTA geometry.
# Keep the ITERKIT1 provisioning blob at 0x510000 across ordinary app flashes.
# Name,     Type, SubType, Offset,   Size,     Flags
nvs,        data, nvs,     0x9000,   0x6000,
phy_init,   data, phy,     0xf000,   0x1000,
ota_0,      app,  ota_0,   0x10000,  0x500000,
iterate_kit, 0x40, 0x00,   0x510000, 0x1000,
otadata,    data, ota,     0x511000, 0x2000,
ota_1,      app,  ota_1,   0x520000, 0x500000,
model,      data, spiffs,  0xA20000, 0x400000,
